Instance,Solver,Distance,Routes,Runtime,Feasible,CapacityViolations,BatteryViolations,TimeWindowViolations
C101_21,Baseline,829.8923698066245,5,0.0008609294891357422,False,0.0,2017.4789734538151,93485.3566206772
C101_21,Proposed,1387.5175999564663,15,31.49750590324402,True,0.0,0.0,0.0
R101_21,Baseline,975.0653801565893,4,0.0006721019744873047,False,0.0,4034.53332332684,24520.23545958369
R101_21,Proposed,1967.9892718526703,26,24.08111000061035,True,0.0,0.0,0.0
RC101_21,Baseline,1028.8602407795602,4,0.0007340908050537109,False,0.0,4500.01066378876,24660.114337163854
RC101_21,Proposed,2174.825497442847,22,25.752279043197632,True,0.0,0.0,0.0
